"School","Name","ProfileURL","Pos","HS","City","State","Ht/Wt","Stars","Score","Committed","Interest"
"UC Davis","Ryan Rakowski","https://247sports.com/Player/ryan-rakowski-46142142/","QB","Palos Verdes","Palos Verdes Peninsula","CA","5-11 / 181",3,85,NA,"Cool"
"UC Davis","Brody Rudnicki","https://247sports.com/Player/brody-rudnicki-46148226/","QB","Folsom","Folsom","CA","6-1 / 205",3,84,NA,"Cool"
"UC Davis","Matthew Smith","https://247sports.com/Player/matthew-smith-46166585/","QB","Santa Margarita Catholic","Rancho Santa Margarita","CA","6-1 / 190",NA,NA,NA,"Cool"
"UC Davis","Caleb Bey","https://247sports.com/Player/caleb-bey-46141492/","RB","Crean Lutheran","Irvine","CA","5-10 / 185",3,85,"Sacramento State","Committed: Sacramento State"
"UC Davis","Eli Dukes","https://247sports.com/Player/eli-dukes-46144730/","RB","Palma","Salinas","CA","5-10 / 165",NA,NA,NA,"Cool"
"UC Davis","Luke Frith","https://247sports.com/Player/luke-frith-46153318/","WR","San Juan Hills","San Juan Capistrano","CA","6-0 / 170",3,85,NA,"Cool"
"UC Davis","Kamden Tillis","https://247sports.com/Player/kamden-tillis-46156264/","WR","Los Alamitos","Los Alamitos","CA","5-11 / 190",3,85,NA,"Cool"
"UC Davis","AJ Williams","https://247sports.com/Player/aj-williams-46164102/","WR","Clovis West","Fresno","CA","6-3 / 175",NA,NA,NA,"Cool"
"UC Davis","Luke Karby","https://247sports.com/Player/luke-karby-46161021/","TE","Mission Viejo","Mission Viejo","CA","6-3 / 215",3,85,"Duke","Committed: Duke"
"UC Davis","Clint Lundin","https://247sports.com/Player/clint-lundin-46158853/","OT","De La Salle","Concord","CA","6-6 / 295",3,85,"Stanford","Committed: Stanford"
"UC Davis","Dylan Modena","https://247sports.com/Player/dylan-modena-46150804/","Edge","Junipero Serra","San Mateo","CA","6-3 / 220",3,85,NA,"Cool"
"UC Davis","Maxwell Porter","https://247sports.com/Player/maxwell-porter-46155980/","Edge","San Juan Hills","San Juan Capistrano","CA","6-2 / 230",3,82,NA,"Cool"
"UC Davis","Lua Deberry","https://247sports.com/Player/lua-deberry-46149941/","DL","Folsom","Folsom","CA","6-2 / 280",3,85,NA,"Cool"
"UC Davis","Xavior Jones","https://247sports.com/Player/xavior-jones-46158359/","ATH","Central East","Fresno","CA","5-10 / 160",3,84,NA,"Cool"
"Army","Clark Cokley","https://247sports.com/Player/clark-cokley-46150178/","WR","JSerra Catholic","San Juan Capistrano","CA","5-11 / 178",3,85,NA,"Cool"
"Army","Jack Junker","https://247sports.com/Player/jack-junker-46155377/","WR","Mission Viejo","Mission Viejo","CA","5-10 / 180",3,84,NA,"Cool"
"Army","Tyson Seidman","https://247sports.com/Player/tyson-seidman-46155330/","IOL","Sierra Canyon","Chatsworth","CA","6-4 / 315",3,83,NA,"Cool"
"USC","Jaxsen Stokes","https://247sports.com/Player/jaxsen-stokes-46148611/","RB","Sierra Canyon","Chatsworth","CA","5-9 / 190",3,88,"California","Committed: California"
"USC","Quentin Hale","https://247sports.com/Player/quentin-hale-46152565/","WR","Corona Centennial","Corona","CA","6-3 / 192",4,94,"USC","Committed: USC"
"USC","Eli Woodard","https://247sports.com/Player/eli-woodard-46154551/","WR","Chaparral","Temecula","CA","6-1 / 180",4,90,NA,"Cool"
"USC","Charles Davis","https://247sports.com/Player/charles-davis-46154972/","WR","Westlake","Westlake Village","CA","6-5 / 200",4,90,"California","Committed: California"
"USC","Demare Dezeurn","https://247sports.com/Player/demare-dezeurn-46149635/","WR","Westlake","Westlake Village","CA","5-10 / 170",4,90,"Oklahoma","Committed: Oklahoma"
"USC","Delontay Williams","https://247sports.com/Player/delontay-williams-46142572/","WR","Mount Miguel","Spring Valley","CA","6-1 / 190",3,86,NA,"Cool"
"USC","Rahzario Edwards","https://247sports.com/Player/rahzario-edwards-46150364/","TE","Grant Union","Sacramento","CA","6-6 / 210",4,90,"California","Committed: California"
"USC","Jace Cannon","https://247sports.com/Player/jace-cannon-46155201/","TE","Junipero Serra","San Mateo","CA","6-5 / 200",3,88,"USC","Committed: USC"
"USC","Drew Fielder","https://247sports.com/Player/drew-fielder-46158447/","OT","Servite","Anaheim","CA","6-6 / 280",4,92,"USC","Committed: USC"
"USC","Avery Michael","https://247sports.com/Player/avery-michael-46157076/","OT","Turlock","Turlock","CA","6-6 / 290",3,89,"Oregon","Committed: Oregon"
"USC","Lucas Rhoa","https://247sports.com/Player/lucas-rhoa-46146743/","OT","Orange Lutheran","Orange","CA","6-5 / 305",3,88,NA,"Cool"
"USC","Thurman Lyles","https://247sports.com/Player/thurman-lyles-46159613/","OT","Elk Grove","Elk Grove","CA","6-5 / 250",NA,NA,NA,"Cool"
"USC","Lincoln Mageo","https://247sports.com/Player/lincoln-mageo-46147045/","IOL","Oceanside","Oceanside","CA","6-4 / 280",3,88,NA,"Cool"
"USC","Lex Mailangi","https://247sports.com/Player/lex-mailangi-46140630/","IOL","Mater Dei","Santa Ana","CA","6-3 / 330",3,87,NA,"Cool"
"USC","Miles Schirmer","https://247sports.com/Player/miles-schirmer-46152745/","Edge","Corona Centennial","Corona","CA","6-5 / 250",3,88,"California","Committed: California"
"USC","Kasi Currie","https://247sports.com/Player/kasi-currie-46149610/","DL","Sierra Canyon","Chatsworth","CA","6-4.5 / 315",4,95,NA,"Cool"
"USC","Myels Smith","https://247sports.com/Player/myels-smith-46153654/","DL","Inglewood","Inglewood","CA","6-3 / 295",4,94,"Texas A&M","Committed: Texas A&M"
"USC","Jon Ioane","https://247sports.com/Player/jon-ioane-46140157/","DL","Tustin","Tustin","CA","6-3 / 295",4,90,"Washington","Committed: Washington"
"USC","Alifeleti Tuihalamaka","https://247sports.com/Player/alifeleti-tuihalamaka-46149194/","DL","Oaks Christian","Westlake Village","CA","6-4 / 260",4,90,"USC","Committed: USC"
"USC","Elija Harmon","https://247sports.com/Player/elija-harmon-46146443/","DL","Inglewood","Inglewood","CA","6-3 / 280",4,90,"Oklahoma","Committed: Oklahoma"
"USC","Jeremiah Williams","https://247sports.com/Player/jeremiah-williams-46149609/","DL","Tustin","Tustin","CA","6-0.5 / 315",3,89,"BYU","Committed: BYU"
"USC","Kahlio Vaetoe","https://247sports.com/Player/kahlio-vaetoe-46152450/","DL","Cardinal Newman","Santa Rosa","CA","6-4 / 285",3,88,NA,"Cool"
"USC","Isaia Vandermade","https://247sports.com/Player/isaia-vandermade-46149062/","DL","Santa Margarita Catholic","Rancho Santa Margarita","CA","6-3 / 290",3,86,"USC","Committed: USC"
"USD","Jayden Coley","https://247sports.com/Player/jayden-coley-46147702/","WR","Long Beach Poly","Long Beach","CA","5-11 / 175",3,86,NA,"Cool"
